,0
0,Alabama
1,Alaska
2,Arizona
3,Arkansas
4,California
5,Colorado
6,Connecticut
7,Delaware
8,Florida
9,Georgia
10,Hawaii
11,Idaho
12,Illinois
13,Indiana
14,Iowa
15,Kansas
16,Kentucky
17,Louisiana
18,Maine
19,Massachusetts
20,Michigan
21,Minnesota
22,Mississippi
23,Missouri
24,Montana
25,Nebraska
26,Nevada
27,New Hampshire
28,New Jersey
29,New Mexico
30,New York
31,North Carolina
32,North Dakota
33,Ohio
34,Oklahoma
35,Oregon
36,Pennsylvania
37,Rhode Island
38,South Carolina
39,South Dakota
40,Tennessee
41,Texas
42,Utah
43,Vermont
44,Virginia
45,Washington
46,West Virginia
47,Wisconsin
48,Wyoming
